"Symbol","Name","LastSale","MarketCap","IPOyear","Sector","industry","Summary Quote"
"XXII","22nd Century Group, Inc","1.2","$85.16M","n/a","Consumer Non-Durables","Farming/Seeds/Milling","http://www.nasdaq.com/symbol/xxii"
"FAX","Aberdeen Asia-Pacific Income Fund Inc","4.53","$1.21B","1986","n/a","n/a","http://www.nasdaq.com/symbol/fax"
"IAF","Aberdeen Australia Equity Fund Inc","5.04","$115.29M","n/a","n/a","n/a","http://www.nasdaq.com/symbol/iaf"
"CH","Aberdeen Chile Fund, Inc.","5.63","$52.85M","n/a","n/a","n/a","http://www.nasdaq.com/symbol/ch"
"ABE","Aberdeen Emerging Markets Smaller Company Opportunities Fund I","10.41","$101.34M","n/a","n/a","n/a","http://www.nasdaq.com/symbol/abe           "
"FCO","Aberdeen Global Income Fund, Inc.","7.65","$67.66M","1992","n/a","n/a","http://www.nasdaq.com/symbol/fco"
"IF","Aberdeen Indonesia Fund, Inc.","5.58","$52.93M","1990","n/a","n/a","http://www.nasdaq.com/symbol/if"
"ISL","Aberdeen Israel Fund, Inc.","16.85","$68.03M","1992","n/a","n/a","http://www.nasdaq.com/symbol/isl"
"ACU","Acme United Corporation.","13.75","$46.35M","1988","Capital Goods","Industrial Machinery/Components","http://www.nasdaq.com/symbol/acu"
"AIII","ACRE Realty Investors, Inc.","1.246","$25M","n/a","Consumer Services","Real Estate Investment Trusts","http://www.nasdaq.com/symbol/aiii"
"ATNM","Actinium Pharmaceuticals, Inc.","1.97","$82.77M","n/a","Health Care","Major Pharmaceuticals","http://www.nasdaq.com/symbol/atnm"
"AE","Adams Resources & Energy, Inc.","34.66","$146.18M","n/a","Energy","Oil Refining/Marketing","http://www.nasdaq.com/symbol/ae"
"ADK","Adcare Health Systems Inc","2.08","$41.4M","n/a","Health Care","Hospital/Nursing Management","http://www.nasdaq.com/symbol/adk"
"ADK^A","Adcare Health Systems Inc","19.5","n/a","n/a","n/a","n/a","http://www.nasdaq.com/symbol/adk^a"
"ACY","AeroCentury Corp.","11.64","$17.96M","n/a","Technology","Diversified Commercial Services","http://www.nasdaq.com/symbol/acy"
"WGA","AG&E Holdings, Inc.","0.4421","$5.16M","n/a","Technology","Radio And Television Broadcasting And Communications Equipment","http://www.nasdaq.com/symbol/wga"
"AIRI","Air Industries Group","6.6365","$50.17M","n/a","Capital Goods","Military/Government/Technical","http://www.nasdaq.com/symbol/airi"
"AA^","Alcoa Inc.","84.9","n/a","n/a","Capital Goods","Metal Fabrications","http://www.nasdaq.com/symbol/aa^"
"AXU","Alexco Resource Corp","0.46","$35.58M","n/a","Basic Industries","Precious Metals","http://www.nasdaq.com/symbol/axu"
"AAU","Almaden Minerals, Ltd.","0.6497","$50.72M","2015","Basic Industries","Precious Metals","http://www.nasdaq.com/symbol/aau"
"APT","Alpha Pro Tech, Ltd.","1.6504","$29.97M","n/a","Health Care","Industrial Specialties","http://www.nasdaq.com/symbol/apt"
"AAMC","Altisource Asset Management Corp","16.03","$35.48M","n/a","Finance","Real Estate","http://www.nasdaq.com/symbol/aamc"
"DIT","AMCON Distributing Company","76.5","$46.61M","n/a","Consumer Non-Durables","Food Distributors","http://www.nasdaq.com/symbol/dit"
"ADGE","American DG Energy Inc.","0.37","$18.75M","n/a","Public Utilities","Power Generation","http://www.nasdaq.com/symbol/adge"
"AFCO","American Farmland Company","6.25","$105.57M","2015","Consumer Services","Real Estate Investment Trusts","http://www.nasdaq.com/symbol/afco"
"ALN","American Lorain Corporation","1.18","$45.15M","n/a","Consumer Non-Durables","Packaged Foods","http://www.nasdaq.com/symbol/aln"
"AMS","American Shared Hospital Services","1.81","$9.71M","n/a","Health Care","Medical Specialities","http://www.nasdaq.com/symbol/ams"
"AMPE","Ampio Pharmaceuticals, Inc.","2.1","$109.2M","n/a","Health Care","Major Pharmaceuticals","http://www.nasdaq.com/symbol/ampe"
"APHB","AmpliPhi Biosciences Corporation","3.53","$20.77M","n/a","Health Care","Biotechnology: Biological Products (No Diagnostic Substances)","http://www.nasdaq.com/symbol/aphb"
"AXN","Aoxing Pharmaceutical Company, Inc.","1.05","$78.01M","n/a","Health Care","Major Pharmaceuticals","http://www.nasdaq.com/symbol/axn"
"AMCO","Armco Metals Holdings, Inc.","0.265","$2.16M","n/a","Consumer Durables","Steel/Iron Ore","http://www.nasdaq.com/symbol/amco"
"HRT","Arrhythmia Research Technology Inc.","4.3658","$12.19M","n/a","Health Care","Biotechnology: Electromedical & Electrotherapeutic Apparatus","http://www.nasdaq.com/symbol/hrt"
"AKG","Asanko Gold Inc.","1.68","$330.95M","n/a","Basic Industries","Mining & Quarrying of Nonmetallic Minerals (No Fuels)","http://www.nasdaq.com/symbol/akg"
"AINC","Ashford Inc.","42.06","$84.54M","2014","Consumer Services","Professional Services","http://www.nasdaq.com/symbol/ainc"
"ASB.WS","Associated Banc-Corp","n/a","n/a","n/a","n/a","n/a","http://www.nasdaq.com/symbol/asb.ws"
"AST","Asterias Biotherapeutics, Inc.","3.24","$121.96M","n/a","Health Care","Biotechnology: Biological Products (No Diagnostic Substances)","http://www.nasdaq.com/symbol/ast"
"AWX","Avalon Holdings Corporation","1.75","$6.66M","n/a","Public Utilities","Environmental Services","http://www.nasdaq.com/symbol/awx"
"ASM","Avino Silver","0.89","$33.36M","n/a","Basic Industries","Precious Metals","http://www.nasdaq.com/symbol/asm"
"BTG","B2Gold Corp","0.8448","$783.19M","n/a","Basic Industries","Precious Metals","http://www.nasdaq.com/symbol/btg"
"BTN","Ballantyne Strong, Inc","4.268","$60.45M","n/a","Miscellaneous","Industrial Machinery/Components","http://www.nasdaq.com/symbol/btn"
"BKJ","Bancorp of New Jersey, Inc","10.66","$66.52M","n/a","Finance","Major Banks","http://www.nasdaq.com/symbol/bkj"
"BCV","Bancroft Fund Limited","16.6044","$84.8M","n/a","n/a","n/a","http://www.nasdaq.com/symbol/bcv"
"BAA","BANRO CORPORATION","0.191","$48.16M","n/a","Basic Industries","Precious Metals","http://www.nasdaq.com/symbol/baa"
"BHB","Bar Harbor Bankshares, Inc.","31.45","$188.61M","n/a","Finance","Major Banks","http://www.nasdaq.com/symbol/bhb"
"BRN","Barnwell Industries, Inc.","1.65","$13.66M","n/a","Energy","Oil & Gas Production","http://www.nasdaq.com/symbol/brn"
"BGSF","BG Staffing Inc","12.819","$94.6M","n/a","Technology","Professional Services","http://www.nasdaq.com/symbol/bgsf"
"BPMX","BioPharmX Corporation","1.59","$33.53M","2015","Health Care","Major Pharmaceuticals","http://www.nasdaq.com/symbol/bpmx"
"BTX","BioTime, Inc.","2.19","$207.82M","n/a","Health Care","Biotechnology: Biological Products (No Diagnostic Substances)","http://www.nasdaq.com/symbol/btx"
"BTX.WS","BioTime, Inc.","n/a","n/a","n/a","n/a","n/a","http://www.nasdaq.com/symbol/btx.ws"
"BGI","Birks Group Inc.","0.2678","$4.81M","n/a","Consumer Services","Consumer Specialties","http://www.nasdaq.com/symbol/bgi"
"BZM","BlackRock Maryland Municipal Bond Trust","15.25","$31.67M","2002","n/a","n/a","http://www.nasdaq.com/symbol/bzm"
"MHE","BlackRock Massachusetts Tax-Exempt Trust","14.05","$33.24M","1993","n/a","n/a","http://www.nasdaq.com/symbol/mhe"
"BLE","BlackRock Municipal Income Trust II","15.53","$364.5M","2002","n/a","n/a","http://www.nasdaq.com/symbol/ble"
"BLJ","Blackrock New Jersey Municipal Bond Trust","15.81","$36.76M","2002","n/a","n/a","http://www.nasdaq.com/symbol/blj"
"BFY","BlackRock New York Municipal Income Trust II","15.6","$77.98M","2002","n/a","n/a","http://www.nasdaq.com/symbol/bfy"
"BHV","BlackRock Virginia Municipal Bond Trust","19.5","$31.08M","2002","n/a","n/a","http://www.nasdaq.com/symbol/bhv"
"BDR","Blonder Tongue Laboratories, Inc.","0.42","$2.75M","n/a","Technology","Radio And Television Broadcasting And Communications Equipment","http://www.nasdaq.com/symbol/bdr"
"BRG","Bluerock Residential Growth REIT, Inc.","9.88","$193.21M","2014","Consumer Services","Real Estate Investment Trusts","http://www.nasdaq.com/symbol/brg"
"BRG^A","Bluerock Residential Growth REIT, Inc.","25.3","n/a","n/a","n/a","n/a","http://www.nasdaq.com/symbol/brg^a"
"BVX","Bovie Medical Corporation","2.02","$54.93M","n/a","Health Care","Medical/Dental Instruments","http://www.nasdaq.com/symbol/bvx"
"BWL.A","Bowl America, Inc.","n/a","n/a","n/a","n/a","n/a","http://www.nasdaq.com/symbol/bwl.a"
"BTI","British American Tobacco p.l.c.","108.31","$100.96B","n/a","Consumer Non-Durables","Farming/Seeds/Milling","http://www.nasdaq.com/symbol/bti"
"CANF","Can-Fite Biopharma Ltd","2.1683","$23.11M","n/a","Health Care","Major Pharmaceuticals","http://www.nasdaq.com/symbol/canf"
"ROX","Castle Brands, Inc.","1.01","$161.63M","2006","Consumer Non-Durables","Beverages (Production/Distribution)","http://www.nasdaq.com/symbol/rox"
"CAW","CCA Industries, Inc.","3.4","$23.82M","n/a","Consumer Non-Durables","Package Goods/Cosmetics","http://www.nasdaq.com/symbol/caw"
"CVM","Cel-Sci Corporation","0.4611","$59.93M","n/a","Health Care","Biotechnology: Biological Products (No Diagnostic Substances)","http://www.nasdaq.com/symbol/cvm"
"CVM.WS","Cel-Sci Corporation","n/a","n/a","n/a","n/a","n/a","http://www.nasdaq.com/symbol/cvm.ws"
"CEF","Central Fund of Canada Limited","11.47","$2.92B","n/a","n/a","n/a","http://www.nasdaq.com/symbol/cef"
"CET","Central Securities Corporation","17.55","$426.66M","n/a","n/a","n/a","http://www.nasdaq.com/symbol/cet"
"LEU","Centrus Energy Corp.","1.44","$12.96M","2014","Basic Industries","Mining & Quarrying of Nonmetallic Minerals (No Fuels)","http://www.nasdaq.com/symbol/leu"
"CCF","Chase Corporation","50.27","$464.02M","n/a","Consumer Durables","Building Products","http://www.nasdaq.com/symbol/ccf"
"CQH","Cheniere Energy Partners LP Holdings, LLC","13.9","$3.22B","2013","Public Utilities","Oil/Gas Transmission","http://www.nasdaq.com/symbol/cqh"
"CQP","Cheniere Energy Partners, LP","21.87","$7.39B","2007","Public Utilities","Oil/Gas Transmission","http://www.nasdaq.com/symbol/cqp"
"LNG","Cheniere Energy, Inc.","25.03","$5.91B","n/a","Public Utilities","Oil/Gas Transmission","http://www.nasdaq.com/symbol/lng"
"CVR","Chicago Rivet & Machine Co.","24.225","$23.4M","n/a","Technology","Industrial Machinery/Components","http://www.nasdaq.com/symbol/cvr"
"CNR","China Metro-Rural Holdings Limited","0.88","$64.72M","n/a","Finance","Real Estate","http://www.nasdaq.com/symbol/cnr"
"CPHI","China Pharma Holdings, Inc.","0.1384","$6.03M","n/a","Health Care","Major Pharmaceuticals","http://www.nasdaq.com/symbol/cphi"
"CKX","CKX Lands, Inc.","9.75","$18.94M","n/a","Energy","Oil & Gas Production","http://www.nasdaq.com/symbol/ckx"
"GLV","Clough Global Allocation Fund","11.35","$117.96M","2004","n/a","n/a","http://www.nasdaq.com/symbol/glv"
"GLQ","Clough Global Equity Fund","10.62","$187.48M","2005","n/a","n/a","http://www.nasdaq.com/symbol/glq"
"GLO","Clough Global Opportunities Fund","9.25","$477.06M","2006","n/a","n/a","http://www.nasdaq.com/symbol/glo"
"MOC","Command Security Corporation","2.48","$24.29M","n/a","Consumer Services","Diversified Commercial Services","http://www.nasdaq.com/symbol/moc"
"CIX","CompX International Inc.","10.49","$130.19M","1998","Capital Goods","Industrial Machinery/Components","http://www.nasdaq.com/symbol/cix"
"LODE","Comstock Mining, Inc.","0.4935","$74.99M","n/a","Basic Industries","Precious Metals","http://www.nasdaq.com/symbol/lode"
"CTO","Consolidated-Tomoka Land Co.","44.5","$264.53M","n/a","Finance","Real Estate","http://www.nasdaq.com/symbol/cto"
"MCF","Contango Oil & Gas Company","6.16","$119.52M","n/a","Energy","Oil & Gas Production","http://www.nasdaq.com/symbol/mcf"
"CUO","Continental Materials Corporation","11.9","$19.78M","n/a","Capital Goods","Building Materials","http://www.nasdaq.com/symbol/cuo"
"CMT","Core Molding Technologies Inc","10.6","$81.74M","n/a","Consumer Non-Durables","Plastic Products","http://www.nasdaq.com/symbol/cmt"
"CVRS","Corindus Vascular Robotics, Inc.","1.9","$225.28M","2015","Health Care","Medical/Dental Instruments","http://www.nasdaq.com/symbol/cvrs"
"CRMD","CorMedix Inc","1.6","$56.6M","n/a","Health Care","Major Pharmaceuticals","http://www.nasdaq.com/symbol/crmd"
"CRF","Cornerstone Strategic Return Fund, Inc. (The)","14.44","$66.66M","n/a","n/a","n/a","http://www.nasdaq.com/symbol/crf"
"CLM","Cornerstone Strategic Value Fund, Inc.","13.78","$290.22M","1987","n/a","n/a","http://www.nasdaq.com/symbol/clm"
"CVU","CPI Aerostructures, Inc.","8.68","$74.45M","n/a","Capital Goods","Military/Government/Technical","http://www.nasdaq.com/symbol/cvu"
"CIK","Credit Suisse Asset Management Income Fund, Inc.","2.6601","$139.01M","n/a","n/a","n/a","http://www.nasdaq.com/symbol/cik"
"DHY","Credit Suisse High Yield Bond Fund","2.04","$203.81M","1998","n/a","n/a","http://www.nasdaq.com/symbol/dhy"
"CRHM","CRH Medical Corporation","2.57","$183M","2015","Health Care","Medical/Dental Instruments","http://www.nasdaq.com/symbol/crhm"
"CRVP","Crystal Rock Holdings, Inc.","0.9201","$19.65M","n/a","Consumer Non-Durables","Food Distributors","http://www.nasdaq.com/symbol/crvp"
"CVSL","CVSL Inc.","0.94","$32.31M","2014","Consumer Services","Other Consumer Services","http://www.nasdaq.com/symbol/cvsl"
"DAKP","Dakota Plains Holdings, Inc.","0.16","$8.81M","n/a","Energy","Oil Refining/Marketing","http://www.nasdaq.com/symbol/dakp"
"DXR","Daxor Corporation","7.797","$30.13M","n/a","Health Care","Medical/Dental Instruments","http://www.nasdaq.com/symbol/dxr"
"VCF","Delaware Investments Colorado Municipal Income Fund, Inc","14.73","$71.25M","1993","n/a","n/a","http://www.nasdaq.com/symbol/vcf"
"VFL","Delaware Investments Florida Insured Municipal Income Fund","13.62","$61.68M","1993","n/a","n/a","http://www.nasdaq.com/symbol/vfl"
"VMM","Delaware Investments Minnesota Municipal Income Fund II, Inc.","13.99","$160.95M","1993","n/a","n/a","http://www.nasdaq.com/symbol/vmm"
"DLA","Delta Apparel, Inc.","12.43","$96.3M","n/a","Consumer Non-Durables","Apparel","http://www.nasdaq.com/symbol/dla"
"DNN","Denison Mine Corp","0.4521","$234.39M","n/a","Basic Industries","Precious Metals","http://www.nasdaq.com/symbol/dnn"
"DGSE","DGSE Companies, Inc.","0.4201","$5.17M","n/a","Consumer Services","Consumer Specialties","http://www.nasdaq.com/symbol/dgse"
"DPW","Digital Power Corporation","0.49","$3.32M","n/a","Capital Goods","Industrial Machinery/Components","http://www.nasdaq.com/symbol/dpw"
"DSS","Document Security Systems, Inc.","0.16","$8.28M","n/a","Consumer Durables","Containers/Packaging","http://www.nasdaq.com/symbol/dss"
"DMF","Dreyfus Municipal Income, Inc.","9.54","$197.7M","1988","n/a","n/a","http://www.nasdaq.com/symbol/dmf"
"DXI","DXI Energy Inc.","0.19","$6.94M","n/a","Energy","Oil & Gas Production","http://www.nasdaq.com/symbol/dxi"
"GRF","Eagle Capital Growth Fund, Inc.","7.2473","$22.65M","n/a","n/a","n/a","http://www.nasdaq.com/symbol/grf"
"ESTE","Earthstone Energy, Inc.","11.75","$162.56M","n/a","Energy","Oil & Gas Production","http://www.nasdaq.com/symbol/este"
"EVM","Eaton Vance California Municipal Bond Fund","12.8","$273.81M","2002","n/a","n/a","http://www.nasdaq.com/symbol/evm"
"EIA","Eaton Vance California Municipal Bond Fund II","13.03","$50.63M","2002","n/a","n/a","http://www.nasdaq.com/symbol/eia"
"CEV","Eaton Vance California Municipal Income Trust","13.73","$99.61M","1999","n/a","n/a","http://www.nasdaq.com/symbol/cev"
"EVV","Eaton Vance Limited Duration Income Fund","12.23","$1.42B","2003","n/a","n/a","http://www.nasdaq.com/symbol/evv"
"MAB","Eaton Vance Massachusetts Municipal Bond Fund","14.96","$26.46M","2002","n/a","n/a","http://www.nasdaq.com/symbol/mab"
"MMV","Eaton Vance Massachusetts Municipal Income Trust","14.4","$39.41M","1999","n/a","n/a","http://www.nasdaq.com/symbol/mmv"
"MIW","Eaton Vance Michigan Municipal Bond Fund","14.49","$21.74M","2002","n/a","n/a","http://www.nasdaq.com/symbol/miw"
"EMI","Eaton Vance Michigan Municipal Income Trust","13.41","$26.99M","1999","n/a","n/a","http://www.nasdaq.com/symbol/emi"
"EIM","Eaton Vance Municipal Bond Fund","13.19","$899.14M","2002","n/a","n/a","http://www.nasdaq.com/symbol/eim"
"EIV","Eaton Vance Municipal Bond Fund II","13.43","$134.48M","2002","n/a","n/a","http://www.nasdaq.com/symbol/eiv"
"EMJ","Eaton Vance New Jersey Municipal Bond Fund","14.032","$36.19M","2002","n/a","n/a","http://www.nasdaq.com/symbol/emj"
"EVJ","Eaton Vance New Jersey Municipal Income Trust","12.7","$58.4M","1999","n/a","n/a","http://www.nasdaq.com/symbol/evj"
"ENX","Eaton Vance New York Municipal Bond Fund","13.19","$206.54M","2002","n/a","n/a","http://www.nasdaq.com/symbol/enx"
"NYH","Eaton Vance New York Municipal Bond Fund II","12.7899","$32.69M","2002","n/a","n/a","http://www.nasdaq.com/symbol/nyh"
"EVY","Eaton Vance New York Municipal Income Trust","14.02","$76.76M","1999","n/a","n/a","http://www.nasdaq.com/symbol/evy"
"EIO","Eaton Vance Ohio Municipal Bond Fund","14.2013","$36.03M","2002","n/a","n/a","http://www.nasdaq.com/symbol/eio"
"EVO","Eaton Vance Ohio Municipal Income Trust","14.465","$41.33M","1999","n/a","n/a","http://www.nasdaq.com/symbol/evo"
"EIP","Eaton Vance Pennsylvania Municipal Bond Fund","13.5","$39.96M","2002","n/a","n/a","http://www.nasdaq.com/symbol/eip"
"EVP","Eaton Vance Pennsylvania Municipal Income Trust","12.46","$32.41M","1999","n/a","n/a","http://www.nasdaq.com/symbol/evp"
"ELMD","Electromed, Inc.","1.65","$13.47M","2011","Health Care","Biotechnology: Electromedical & Electrotherapeutic Apparatus","http://www.nasdaq.com/symbol/elmd"
"ETAK","Elephant Talk Communications Corp.","0.2199","$35.54M","n/a","Technology","EDP Services","http://www.nasdaq.com/symbol/etak"
"ELLO","Ellomay Capital Ltd.","7.7","$82.51M","n/a","Public Utilities","Electric Utilities: Central","http://www.nasdaq.com/symbol/ello"
"ECF","Ellsworth Growth and Income Fund Ltd.","7.19","$92.02M","1986","n/a","n/a","http://www.nasdaq.com/symbol/ecf"
"EMAN","eMagin Corporation","1.91","$48.74M","n/a","Technology","Semiconductors","http://www.nasdaq.com/symbol/eman"
"EOX","Emerald Oil, Inc.","0.8001","$6.97M","n/a","Energy","Oil & Gas Production","http://www.nasdaq.com/symbol/eox"
"MSN","Emerson Radio Corporation","0.95","$25.77M","n/a","Consumer Non-Durables","Consumer Electronics/Appliances","http://www.nasdaq.com/symbol/msn"
"UUUU","Energy Fuels Inc","2.16","$100.53M","n/a","Basic Industries","Mining & Quarrying of Nonmetallic Minerals (No Fuels)","http://www.nasdaq.com/symbol/uuuu"
"ENRJ","EnerJex Resources, Inc.","0.2","$1.68M","n/a","Energy","Oil & Gas Production","http://www.nasdaq.com/symbol/enrj"
"ENRJ^","EnerJex Resources, Inc.","1.1","n/a","n/a","n/a","n/a","http://www.nasdaq.com/symbol/enrj^"
"ENSV","ENSERVCO Corporation","0.395","$15.06M","n/a","Energy","Oilfield Services/Equipment","http://www.nasdaq.com/symbol/ensv"
"ESNC","EnSync, Inc.","0.325","$15.33M","n/a","Public Utilities","Electric Utilities: Central","http://www.nasdaq.com/symbol/esnc"
"EGI","Entree Gold Inc","0.2057","$30.31M","n/a","Basic Industries","Precious Metals","http://www.nasdaq.com/symbol/egi"
"EVI","EnviroStarm, Inc.","3.88","$27.29M","n/a","Consumer Services","Other Consumer Services","http://www.nasdaq.com/symbol/evi"
"ERB","ERBA Diagnostics, Inc.","1.1","$48.49M","n/a","Health Care","Major Pharmaceuticals","http://www.nasdaq.com/symbol/erb"
"ERN","Erin Energy Corp.","2.28","$482.36M","n/a","Energy","Oil & Gas Production","http://www.nasdaq.com/symbol/ern"
"ESP","Espey Mfg. & Electronics Corp.","25.26","$59.34M","n/a","Capital Goods","Industrial Machinery/Components","http://www.nasdaq.com/symbol/esp"
"EMXX","Eurasian Minerals Inc.","0.39","$28.68M","n/a","Basic Industries","Precious Metals","http://www.nasdaq.com/symbol/emxx"
"EVBN","Evans Bancorp, Inc.","24.6","$104.68M","n/a","Finance","Major Banks","http://www.nasdaq.com/symbol/evbn"
"EPM","Evolution Petroleum Corporation, Inc.","4.43","$144.73M","n/a","Energy","Oil & Gas Production","http://www.nasdaq.com/symbol/epm"
"EPM^A","Evolution Petroleum Corporation, Inc.","22.6501","n/a","n/a","n/a","n/a","http://www.nasdaq.com/symbol/epm^a"
"XRA","Exeter Resource Corporation","0.46","$40.67M","n/a","Basic Industries","Mining & Quarrying of Nonmetallic Minerals (No Fuels)","http://www.nasdaq.com/symbol/xra"
"FPP","FieldPoint Petroleum Corporation","0.37","$3.29M","n/a","Energy","Oil & Gas Production","http://www.nasdaq.com/symbol/fpp"
"FPP.WS","FieldPoint Petroleum Corporation","n/a","n/a","n/a","n/a","n/a","http://www.nasdaq.com/symbol/fpp.ws"
"FEN","First Trust Energy Income and Growth Fund","20.25","$391.94M","2004","n/a","n/a","http://www.nasdaq.com/symbol/fen"
"BDL","Flanigan&#39;s Enterprises, Inc.","18.49","$34.37M","n/a","Consumer Services","Restaurants","http://www.nasdaq.com/symbol/bdl"
"FSI","Flexible Solutions International Inc.","0.78","$10.28M","n/a","Basic Industries","Major Chemicals","http://www.nasdaq.com/symbol/fsi"
"FTF","Franklin Limited Duration Income Trust","10.55","$283.12M","2003","n/a","n/a","http://www.nasdaq.com/symbol/ftf"
"FSP","Franklin Street Properties Corp.","9.16","$917.72M","n/a","Consumer Services","Real Estate Investment Trusts","http://www.nasdaq.com/symbol/fsp"
"FRD","Friedman Industries Inc.","4.72","$32.09M","n/a","Capital Goods","Steel/Iron Ore","http://www.nasdaq.com/symbol/frd"
"GGN","GAMCO Global Gold, Natural Reources & Income Trust ","4.73","$533.2M","2005","n/a","n/a","http://www.nasdaq.com/symbol/ggn"
"GGN^B","GAMCO Global Gold, Natural Reources & Income Trust ","23.35","n/a","n/a","n/a","n/a","http://www.nasdaq.com/symbol/ggn^b"
"EGAS","Gas Natural Inc.","8.34","$87.61M","n/a","Public Utilities","Oil/Gas Transmission","http://www.nasdaq.com/symbol/egas"
"GST","Gastar Exploration Inc.","1.01","$80.95M","n/a","Energy","Oil & Gas Production","http://www.nasdaq.com/symbol/gst"
"GST^A","Gastar Exploration Inc.","7.45","n/a","n/a","n/a","n/a","http://www.nasdaq.com/symbol/gst^a"
"GST^B","Gastar Exploration Inc.","8.325","n/a","n/a","n/a","n/a","http://www.nasdaq.com/symbol/gst^b"
"JOB","General Employment Enterprises, Inc.","3.97","$36.75M","n/a","Technology","Diversified Commercial Services","http://www.nasdaq.com/symbol/job"
"GMO","General Moly, Inc","0.22","$20.01M","n/a","Basic Industries","Precious Metals","http://www.nasdaq.com/symbol/gmo"
"GIG","GigOptix, Inc.","3.01","$132.81M","n/a","Technology","Semiconductors","http://www.nasdaq.com/symbol/gig"
"GSB","GlobalSCAPE, Inc.","3.31","$70.57M","n/a","Technology","Computer Software: Prepackaged Software","http://www.nasdaq.com/symbol/gsb"
"GSAT","Globalstar, Inc.","1.14","$1.18B","2006","Consumer Services","Telecommunications Equipment","http://www.nasdaq.com/symbol/gsat"
"GLOW","Glowpoint, Inc.","0.49","$17.5M","n/a","Public Utilities","Telecommunications Equipment","http://www.nasdaq.com/symbol/glow"
"GORO","Gold Resource Corporation","1.57","$85.06M","n/a","Basic Industries","Precious Metals","http://www.nasdaq.com/symbol/goro"
"GSV","Gold Standard Ventures Corporation","0.7398","$124.12M","n/a","Basic Industries","Mining & Quarrying of Nonmetallic Minerals (No Fuels)","http://www.nasdaq.com/symbol/gsv"
"AUMN","Golden Minerals Company","0.193","$10.26M","n/a","Basic Industries","Precious Metals","http://www.nasdaq.com/symbol/aumn"
"GSS","Golden Star Resources, Ltd","0.2361","$61.36M","n/a","Basic Industries","Precious Metals","http://www.nasdaq.com/symbol/gss"
"GV","Goldfield Corporation (The)","1.28","$32.58M","n/a","Basic Industries","Water Supply","http://www.nasdaq.com/symbol/gv"
"GRC","Gorman-Rupp Company (The)","23.3","$607.75M","n/a","Capital Goods","Fluid Controls","http://www.nasdaq.com/symbol/grc"
"GTE","Gran Tierra Energy Inc.","2.11","$605.74M","n/a","Energy","Oil & Gas Production","http://www.nasdaq.com/symbol/gte"
"GPL","Great Panther Silver Limited","0.577","$81.77M","n/a","Basic Industries","Precious Metals","http://www.nasdaq.com/symbol/gpl"
"GRH","GreenHunter Resources, Inc.","0.11","$4.65M","n/a","Basic Industries","Major Chemicals","http://www.nasdaq.com/symbol/grh"
"GRH^C","GreenHunter Resources, Inc.","1.765","n/a","n/a","n/a","n/a","http://www.nasdaq.com/symbol/grh^c"
"SIM","Grupo Simec, S.A. de C.V.","6.31","$1.05B","1993","Basic Industries","Steel/Iron Ore","http://www.nasdaq.com/symbol/sim"
"GVP","GSE Systems, Inc.","2.08","$37.23M","n/a","Technology","Computer Software: Prepackaged Software","http://www.nasdaq.com/symbol/gvp"
"HCHC","HC2 Holdings, Inc.","3.49","$89.32M","n/a","Public Utilities","Telecommunications Equipment","http://www.nasdaq.com/symbol/hchc"
"HEB","Hemispherx BioPharma, Inc.","0.1251","$30.96M","n/a","Health Care","Biotechnology: Biological Products (No Diagnostic Substances)","http://www.nasdaq.com/symbol/heb"
"HLM^","Hillman Group Capital Trust","30.7803","n/a","n/a","n/a","n/a","http://www.nasdaq.com/symbol/hlm^"
"HMG","HMG/Courtland Properties, Inc.","10.21","$10.57M","n/a","Consumer Services","Real Estate Investment Trusts","http://www.nasdaq.com/symbol/hmg"
"HH","Hooper Holmes, Inc.","0.1082","$8.44M","n/a","Health Care","Hospital/Nursing Management","http://www.nasdaq.com/symbol/hh"
"HUSA","Houston American Energy Corporation","0.1846","$9.63M","n/a","Energy","Oil & Gas Production","http://www.nasdaq.com/symbol/husa"
"IBIO","iBio, Inc.","0.6103","$47.19M","n/a","Health Care","Major Pharmaceuticals","http://www.nasdaq.com/symbol/ibio"
"IBO","IBO (Listing Market - NYSE Amex Network B F)","153.82","n/a","n/a","n/a","n/a","http://www.nasdaq.com/symbol/ibo"
"IDI","IDI, Inc.","5.19","$80.98M","n/a","Consumer Services","Advertising","http://www.nasdaq.com/symbol/idi"
"IEC","IEC Electronics Corp.","3.43","$34.99M","n/a","Technology","Electrical Products","http://www.nasdaq.com/symbol/iec"
"IMUC","ImmunoCellular Therapeutics, Ltd.","0.2244","$20.27M","n/a","Health Care","Major Pharmaceuticals","http://www.nasdaq.com/symbol/imuc"
"IMH","Impac Mortgage Holdings, Inc.","14.26","$147.2M","1997","Consumer Services","Real Estate Investment Trusts","http://www.nasdaq.com/symbol/imh"
"IMO","Imperial Oil Limited","31.4","$26.61B","n/a","Energy","Integrated oil Companies","http://www.nasdaq.com/symbol/imo"
"IOT","Income Opportunity Realty Investors, Inc.","8.04","$33.51M","n/a","Consumer Services","Real Estate Investment Trusts","http://www.nasdaq.com/symbol/iot"
"IRT","Independence Realty Trust, Inc.","6.56","$308.78M","2013","Consumer Services","Real Estate Investment Trusts","http://www.nasdaq.com/symbol/irt"
"IGC","India Globalization Capital Inc.","0.21","$3.43M","n/a","Consumer Non-Durables","Electronic Components","http://www.nasdaq.com/symbol/igc"
"IGC.WS","India Globalization Capital Inc.","n/a","n/a","n/a","n/a","n/a","http://www.nasdaq.com/symbol/igc.ws"
"INFU","InfuSystems Holdings, Inc.","3.169","$71.35M","n/a","Health Care","Medical/Dental Instruments","http://www.nasdaq.com/symbol/infu"
"IHT","InnSuites Hospitality Trust","2.3312","$22.04M","n/a","Consumer Services","Real Estate Investment Trusts","http://www.nasdaq.com/symbol/iht"
"NSPR","InspireMD, Inc.","0.55","$4.28M","n/a","Health Care","Medical/Dental Instruments","http://www.nasdaq.com/symbol/nspr"
"IFMI","Institutional Financial Markets, Inc.","1.1388","$15.24M","n/a","Finance","Investment Bankers/Brokers/Service","http://www.nasdaq.com/symbol/ifmi"
"IDN","Intellicheck Mobilisa, Inc.","0.98","$9.68M","1999","Technology","Computer Software: Prepackaged Software","http://www.nasdaq.com/symbol/idn"
"INS","Intelligent Systems Corporation","3.02","$26.37M","1992","Capital Goods","Metal Fabrications","http://www.nasdaq.com/symbol/ins"
"THM","International Tower Hill Mines Ltd","0.2525","$29.37M","n/a","Basic Industries","Precious Metals","http://www.nasdaq.com/symbol/thm"
"INTT","inTest Corporation","4","$42.25M","1997","Capital Goods","Electrical Products","http://www.nasdaq.com/symbol/intt"
"INUV","Inuvo, Inc","2.18","$53.14M","n/a","Consumer Services","Advertising","http://www.nasdaq.com/symbol/inuv"
"VKI","Invesco Advantage Municipal Income Trust II","12.22","$542.34M","n/a","n/a","n/a","http://www.nasdaq.com/symbol/vki"
"ISR","IsoRay, Inc.","0.7299","$40.15M","n/a","Health Care","Medical/Dental Instruments","http://www.nasdaq.com/symbol/isr"
"ISDR","Issuer Direct Corporation","5.18","$14.35M","n/a","Miscellaneous","Publishing","http://www.nasdaq.com/symbol/isdr"
"ITI","Iteris, Inc.","2.1","$67.15M","n/a","Consumer Durables","Telecommunications Equipment","http://www.nasdaq.com/symbol/iti"
"KIQ","Kelso Technologies Inc","0.91","$41.93M","n/a","Capital Goods","Railroads","http://www.nasdaq.com/symbol/kiq"
"KLDX","Klondex Mines Ltd.","2.37","$330.47M","n/a","Basic Industries","Precious Metals","http://www.nasdaq.com/symbol/kldx"
"LTS","Ladenburg Thalmann Financial Services Inc","2.09","$382.93M","n/a","Finance","Investment Bankers/Brokers/Service","http://www.nasdaq.com/symbol/lts"
"LTS^A","Ladenburg Thalmann Financial Services Inc","23.53","n/a","n/a","n/a","n/a","http://www.nasdaq.com/symbol/lts^a"
"LSG","Lake Shore Gold Corp","1.07","$495.65M","n/a","Basic Industries","Precious Metals","http://www.nasdaq.com/symbol/lsg"
"LAQ","Latin America Equity Fund, Inc. (The)","14.93","$111.21M","1991","n/a","n/a","http://www.nasdaq.com/symbol/laq"
"LGL","LGL Group, Inc. (The)","3.79","$10.05M","n/a","Capital Goods","Industrial Machinery/Components","http://www.nasdaq.com/symbol/lgl"
"LGL.WS","LGL Group, Inc. (The)","n/a","n/a","n/a","n/a","n/a","http://www.nasdaq.com/symbol/lgl.ws"
"LBY","Libbey, Inc.","15.5","$338.58M","1993","Capital Goods","Industrial Machinery/Components","http://www.nasdaq.com/symbol/lby"
"LIQT","LiqTech International, Inc.","0.7981","$31.55M","n/a","Technology","Industrial Machinery/Components","http://www.nasdaq.com/symbol/liqt"
"LEI","Lucas Energy, Inc.","3.25","$4.76M","n/a","Energy","Oil & Gas Production","http://www.nasdaq.com/symbol/lei"
"MCZ","Mad Catz Interactive Inc","0.389","$28.58M","n/a","Consumer Non-Durables","Recreational Products/Toys","http://www.nasdaq.com/symbol/mcz"
"MVG","Mag Silver Corporation","7.36","$510.84M","n/a","Basic Industries","Precious Metals","http://www.nasdaq.com/symbol/mvg"
"MJCO","Majesco","6.19","$225.63M","2015","Technology","Computer Software: Prepackaged Software","http://www.nasdaq.com/symbol/mjco"
"MSTX","Mast Therapeutics, Inc.","0.4097","$67.03M","n/a","Health Care","Major Pharmaceuticals","http://www.nasdaq.com/symbol/mstx"
"MHH","Mastech Holdings, Inc","7.8495","$34.17M","n/a","Consumer Services","Professional Services","http://www.nasdaq.com/symbol/mhh"
"MDGN","Medgenics, Inc.","3.32","$109.1M","2011","Health Care","Biotechnology: Biological Products (No Diagnostic Substances)","http://www.nasdaq.com/symbol/mdgn"
"MDGN.WS","Medgenics, Inc.","n/a","n/a","n/a","n/a","n/a","http://www.nasdaq.com/symbol/mdgn.ws"
"IPB","Merrill Lynch & Co., Inc.","26.4","n/a","n/a","Finance","Finance: Consumer Services","http://www.nasdaq.com/symbol/ipb"
"MXC","Mexco Energy Corporation","2.19","$4.46M","n/a","Energy","Oil & Gas Production","http://www.nasdaq.com/symbol/mxc"
"CCA","MFS California Insured Municipal Trust","12.15","$33.85M","1999","n/a","n/a","http://www.nasdaq.com/symbol/cca"
"MGT","MGT Capital Investments Inc","0.254","$4.37M","n/a","Miscellaneous","Multi-Sector Companies","http://www.nasdaq.com/symbol/mgt"
"MLSS","Milestone Scientific, Inc.","1.67","$35.87M","2015","Health Care","Industrial Specialties","http://www.nasdaq.com/symbol/mlss"
"MGH","Minco Gold Corporation","0.1403","$7.1M","n/a","Basic Industries","Precious Metals","http://www.nasdaq.com/symbol/mgh"
"MGN","Mines Management, Inc.","0.38","$11.33M","n/a","Basic Industries","Precious Metals","http://www.nasdaq.com/symbol/mgn"
"MVF","MuniVest Fund, Inc.","10.48","$671.17M","n/a","n/a","n/a","http://www.nasdaq.com/symbol/mvf"
"MZA","MuniYield Arizona Fund, Inc.","16.55","$76.14M","1993","n/a","n/a","http://www.nasdaq.com/symbol/mza"
"NNVC","NanoViricides, Inc.","1.41","$81.19M","n/a","Health Care","Biotechnology: Commercial Physical & Biological Resarch","http://www.nasdaq.com/symbol/nnvc"
"NHC","National HealthCare Corporation","60.5","$901.81M","n/a","Health Care","Hospital/Nursing Management","http://www.nasdaq.com/symbol/nhc"
"NAVB","Navidea Biopharmaceuticals, Inc.","0.8","$124.56M","n/a","Health Care","Biotechnology: In Vitro & In Vivo Diagnostic Substances","http://www.nasdaq.com/symbol/navb"
"NTIP","Network-1 Technologies, Inc.","2.03","$47.13M","n/a","Technology","Computer Software: Prepackaged Software","http://www.nasdaq.com/symbol/ntip"
"NBW","Neuberger Berman California Intermediate Municipal Fund Inc.","16.1601","$89.56M","2002","n/a","n/a","http://www.nasdaq.com/symbol/nbw"
"NHS","Neuberger Berman High Yield Strategies Fund","9.72","$189.93M","n/a","n/a","n/a","http://www.nasdaq.com/symbol/nhs"
"NBH","Neuberger Berman Intermediate Municipal Fund Inc.","16.25","$304.95M","2002","n/a","n/a","http://www.nasdaq.com/symbol/nbh"
"NML","Neuberger Berman MLP Income Fund Inc.","7.11","$401.88M","2013","n/a","n/a","http://www.nasdaq.com/symbol/nml"
"NBO","Neuberger Berman New York Intermediate Municipal Fund Inc.","14.53","$73.75M","2002","n/a","n/a","http://www.nasdaq.com/symbol/nbo"
"NRO","Neuberger Berman Real Estate Securities Income Fund, Inc.","4.56","$254.39M","2003","n/a","n/a","http://www.nasdaq.com/symbol/nro"
"UWN","Nevada Gold & Casinos, Inc.","2.04","$36.18M","n/a","Consumer Services","Services-Misc. Amusement & Recreation","http://www.nasdaq.com/symbol/uwn"
"NSU","Nevsun Resources Ltd","2.91","$581.36M","n/a","Basic Industries","Precious Metals","http://www.nasdaq.com/symbol/nsu"
"GBR","New Concept Energy, Inc","0.7001","$1.36M","n/a","Energy","Oil & Gas Production","http://www.nasdaq.com/symbol/gbr"
"NEN","New England Realty Associates Limited Partnership","49.48","$186.48M","n/a","Consumer Services","Building operators","http://www.nasdaq.com/symbol/nen"
"NGD","NEW GOLD INC.","2.89","$1.47B","n/a","Basic Industries","Precious Metals","http://www.nasdaq.com/symbol/ngd"
"HLTH","Nobilis Health Corp.","2.22","$148.82M","2015","Health Care","Hospital/Nursing Management","http://www.nasdaq.com/symbol/hlth"
"NSAT","Norsat International Inc.","4.1519","$24.21M","n/a","Capital Goods","Industrial Machinery/Components","http://www.nasdaq.com/symbol/nsat"
"NAK","Northern Dynasty Minerals, Ltd.","0.2838","$62.99M","n/a","Basic Industries","Precious Metals","http://www.nasdaq.com/symbol/nak"
"NOG","Northern Oil and Gas, Inc.","3.07","$193.29M","n/a","Energy","Oil & Gas Production","http://www.nasdaq.com/symbol/nog"
"NBY","NovaBay Pharmaceuticals, Inc.","2.44","$339989.6","2007","n/a","n/a","http://www.nasdaq.com/symbol/nby"
"NCQ","NovaCopper Inc.","0.27","$28.34M","n/a","Basic Industries","Precious Metals","http://www.nasdaq.com/symbol/ncq"
"NG","Novagold Resources Inc.","4.52","$1.44B","n/a","Basic Industries","Precious Metals","http://www.nasdaq.com/symbol/ng"
"NTN","NTN Buzztime, Inc.","0.135","$12.48M","n/a","Consumer Services","Broadcasting","http://www.nasdaq.com/symbol/ntn"
"NVX","Nuveen California Dividend Advantage Municipal Fund 2","16.17","$238.66M","2001","n/a","n/a","http://www.nasdaq.com/symbol/nvx"
"NZH","Nuveen California Dividend Advantage Municipal Fund 3","14.7","$355.03M","n/a","n/a","n/a","http://www.nasdaq.com/symbol/nzh"
"NCB","Nuveen California Municipal Value Fund 2","17.24","$56.68M","n/a","n/a","n/a","http://www.nasdaq.com/symbol/ncb"
"CFD","Nuveen Diversified Commodity Fund","8.63","$78.08M","2010","n/a","n/a","http://www.nasdaq.com/symbol/cfd"
"NXZ","Nuveen Dividend Advantage Municipal Fund 2","14.57","$429.14M","2001","n/a","n/a","http://www.nasdaq.com/symbol/nxz"
"NZF","Nuveen Dividend Advantage Municipal Fund 3","14.61","$530.53M","2007","n/a","n/a","http://www.nasdaq.com/symbol/nzf"
"NVG","Nuveen Dividend Advantage Municipal Income Fund","14.84","$395.44M","2002","n/a","n/a","http://www.nasdaq.com/symbol/nvg"
"CTF","Nuveen Long/Short Commodity Total Return Fund","15.39","$251.56M","n/a","n/a","n/a","http://www.nasdaq.com/symbol/ctf"
"NOM","Nuveen Missouri Premium Income Municipal Fund","15.6936","$36.63M","1993","n/a","n/a","http://www.nasdaq.com/symbol/nom"
"NMZ","Nuveen Municipal High Income Opportunity Fund","13.98","$700.18M","2003","n/a","n/a","http://www.nasdaq.com/symbol/nmz"
"NJV","Nuveen New Jersey Municipal Value Fund","14.9479","$23.17M","n/a","n/a","n/a","http://www.nasdaq.com/symbol/njv"
"NYV","Nuveen New York Municipal Value Fund 2","15.62","$36.7M","2009","n/a","n/a","http://www.nasdaq.com/symbol/nyv"
"NPN","Nuveen Pennsylvania Municipal Value Fund","15.447","$18.84M","2009","n/a","n/a","http://www.nasdaq.com/symbol/npn"
"JRS","Nuveen Real Estate Fund","9.8","$283.15M","2001","n/a","n/a","http://www.nasdaq.com/symbol/jrs"
"OCX","OncoCyte Corporation","3.32","$84.3M","2015","Health Care","Biotechnology: In Vitro & In Vivo Diagnostic Substances","http://www.nasdaq.com/symbol/ocx"
"OGEN","Oragenics, Inc.","0.94","$34.29M","n/a","Health Care","Major Pharmaceuticals","http://www.nasdaq.com/symbol/ogen"
"TIS","Orchids Paper Products Company","27.2","$279.31M","2005","Basic Industries","Paper","http://www.nasdaq.com/symbol/tis"
"ONVO","Organovo Holdings, Inc.","2.09","$193.14M","n/a","Health Care","Biotechnology: Biological Products (No Diagnostic Substances)","http://www.nasdaq.com/symbol/onvo"
"ONP","Orient Paper, Inc.","1.2584","$25.57M","n/a","Consumer Durables","Containers/Packaging","http://www.nasdaq.com/symbol/onp"
"OSG","Overseas Shipholding Group, Inc.","2.38","$834.15M","2015","Transportation","Marine Transportation","http://www.nasdaq.com/symbol/osg"
"OSGB","Overseas Shipholding Group, Inc.","3.01","$20.72M","n/a","Transportation","Marine Transportation","http://www.nasdaq.com/symbol/osgb"
"ORM","Owens Realty Mortgage, Inc.","13.94","$143.95M","2013","Consumer Services","Real Estate Investment Trusts","http://www.nasdaq.com/symbol/orm"
"PHF","Pacholder High Yield Fund, Inc.","5.92","$76.94M","n/a","n/a","n/a","http://www.nasdaq.com/symbol/phf"
"PBM","Pacific Booker Minerals Inc","1.1","$13.91M","n/a","Basic Industries","Precious Metals","http://www.nasdaq.com/symbol/pbm"
"PCG^A","Pacific Gas & Electric Co.","30.49","n/a","n/a","n/a","n/a","http://www.nasdaq.com/symbol/pcg^a"
"PCG^B","Pacific Gas & Electric Co.","27.65","n/a","n/a","n/a","n/a","http://www.nasdaq.com/symbol/pcg^b"
"PCG^C","Pacific Gas & Electric Co.","27","n/a","n/a","n/a","n/a","http://www.nasdaq.com/symbol/pcg^c"
"PCG^D","Pacific Gas & Electric Co.","25.35","n/a","n/a","n/a","n/a","http://www.nasdaq.com/symbol/pcg^d"
"PCG^E","Pacific Gas & Electric Co.","25.84","n/a","n/a","n/a","n/a","http://www.nasdaq.com/symbol/pcg^e"
"PCG^G","Pacific Gas & Electric Co.","24.75","n/a","n/a","n/a","n/a","http://www.nasdaq.com/symbol/pcg^g"
"PCG^H","Pacific Gas & Electric Co.","24","n/a","n/a","n/a","n/a","http://www.nasdaq.com/symbol/pcg^h"
"PCG^I","Pacific Gas & Electric Co.","24.6145","n/a","n/a","n/a","n/a","http://www.nasdaq.com/symbol/pcg^i"
"PTN","Palatin Technologies, Inc.","0.585","$39.8M","n/a","Health Care","Major Pharmaceuticals","http://www.nasdaq.com/symbol/ptn"
"PARR","Par Pacific Holdings, Inc.","21.84","$819.67M","n/a","Energy","Oil & Gas Production","http://www.nasdaq.com/symbol/parr"
"PZG","Paramount Gold Nevada Corp.","1.08","$9.2M","2015","Basic Industries","Precious Metals","http://www.nasdaq.com/symbol/pzg"
"PRK","Park National Corporation","82.64","$1.27B","n/a","Finance","Major Banks","http://www.nasdaq.com/symbol/prk"
"PED","Pedevco Corp.","0.24","$10.86M","n/a","Energy","Oil & Gas Production","http://www.nasdaq.com/symbol/ped"
"PFNX","Pfenex Inc.","8.2","$190.98M","2014","Health Care","Major Pharmaceuticals","http://www.nasdaq.com/symbol/pfnx"
"PIP","PharmAthene, Inc","1.73","$111.5M","n/a","Health Care","Major Pharmaceuticals","http://www.nasdaq.com/symbol/pip"
"HNW","Pioneer Diversified High Income Trust","13.94","$116.16M","2007","n/a","n/a","http://www.nasdaq.com/symbol/hnw"
"PLG","Platinum Group Metals Ltd.","1.16","$90.01M","n/a","Basic Industries","Precious Metals","http://www.nasdaq.com/symbol/plg"
"PLM","Polymet Mining Corp.","0.83","$230.37M","n/a","Basic Industries","Precious Metals","http://www.nasdaq.com/symbol/plm"
"PW","Power REIT","4.24","$7.39M","n/a","Consumer Services","Real Estate Investment Trusts","http://www.nasdaq.com/symbol/pw"
"PW^A","Power REIT","26.64","n/a","n/a","n/a","n/a","http://www.nasdaq.com/symbol/pw^a"
"PLX","Protalix BioTherapeutics, Inc.","0.84","$83.83M","n/a","Health Care","Biotechnology: Biological Products (No Diagnostic Substances)","http://www.nasdaq.com/symbol/plx"
"PVCT","Provectus Biopharmaceuticals, Inc.","0.5175","$105.9M","n/a","Health Care","Major Pharmaceuticals","http://www.nasdaq.com/symbol/pvct"
"PVCT.WS","Provectus Biopharmaceuticals, Inc.","n/a","n/a","n/a","n/a","n/a","http://www.nasdaq.com/symbol/pvct.ws"
"RLGT","Radiant Logistics, Inc.","3.25","$158.39M","n/a","Transportation","Oil Refining/Marketing","http://www.nasdaq.com/symbol/rlgt"
"RLGT^A","Radiant Logistics, Inc.","23.25","n/a","n/a","n/a","n/a","http://www.nasdaq.com/symbol/rlgt^a"
"REE","Rare Element Resources Ltd.","0.071","$3.76M","n/a","Basic Industries","Precious Metals","http://www.nasdaq.com/symbol/ree"
"UTG","Reaves Utility Income Fund","27.8","$875.76M","2004","n/a","n/a","http://www.nasdaq.com/symbol/utg"
"REED","Reeds, Inc.","4.74","$62.32M","n/a","Consumer Non-Durables","Beverages (Production/Distribution)","http://www.nasdaq.com/symbol/reed"
"RWC","RELM Wireless Corporation","4.06","$55.7M","n/a","Technology","Radio And Television Broadcasting And Communications Equipment","http://www.nasdaq.com/symbol/rwc"
"RCG","RENN Fund, Inc.","0.996","$4.45M","n/a","n/a","n/a","http://www.nasdaq.com/symbol/rcg"
"RVP","Retractable Technologies, Inc.","2.87","$80.05M","n/a","Health Care","Medical/Dental Instruments","http://www.nasdaq.com/symbol/rvp"
"RNN","Rexahn Pharmaceuticals, Inc.","0.3617","$65.38M","n/a","Health Care","Major Pharmaceuticals","http://www.nasdaq.com/symbol/rnn"
"RIC","Richmont Mines, Inc.","4.13","$240.94M","n/a","Basic Industries","Precious Metals","http://www.nasdaq.com/symbol/ric"
"REI","Ring Energy, Inc.","4.97","$151.04M","n/a","Energy","Oil & Gas Production","http://www.nasdaq.com/symbol/rei"
"RIF","RMR Real Estate Income Fund.","17.27","$132.14M","n/a","n/a","n/a","http://www.nasdaq.com/symbol/rif"
"SGA","Saga Communications, Inc.","37.01","$215.09M","n/a","Consumer Services","Broadcasting","http://www.nasdaq.com/symbol/sga"
"SSN","Samson Oil & Gas Limited","0.63","$8.94M","n/a","Energy","Oil & Gas Production","http://www.nasdaq.com/symbol/ssn"
"SPP","Sanchez Production Partners LP","13.16","$40.12M","n/a","Energy","Oil & Gas Production","http://www.nasdaq.com/symbol/spp"
"SAND          ","Sandstorm Gold Ltd","2.57","$353.74M","n/a","Basic Industries","Precious Metals","http://www.nasdaq.com/symbol/sand          "
"SEB","Seaboard Corporation","2615.99","$3.06B","1996","Finance","Investment Bankers/Brokers/Service","http://www.nasdaq.com/symbol/seb"
"SVT","Servotronics, Inc.","7.195","$17.54M","n/a","Capital Goods","Industrial Machinery/Components","http://www.nasdaq.com/symbol/svt"
"SIF","SIFCO Industries, Inc.","8.05","$43.86M","n/a","Capital Goods","Aerospace","http://www.nasdaq.com/symbol/sif"
"SKY","Skyline Corporation","4.0199","$33.73M","n/a","Basic Industries","Homebuilding","http://www.nasdaq.com/symbol/sky"
"SLI","SL Industries, Inc.","28.5","$112.89M","n/a","Capital Goods","Industrial Machinery/Components","http://www.nasdaq.com/symbol/sli"
"XPL","Solitario Exploration & Royalty Corp","0.445","$17.44M","n/a","Basic Industries","Precious Metals","http://www.nasdaq.com/symbol/xpl"
"SCE^B","Southern California Edison Company","23.49","n/a","n/a","n/a","n/a","http://www.nasdaq.com/symbol/sce^b"
"SCE^C","Southern California Edison Company","23.9","n/a","n/a","n/a","n/a","http://www.nasdaq.com/symbol/sce^c"
"SCE^D","Southern California Edison Company","24.0401","n/a","n/a","n/a","n/a","http://www.nasdaq.com/symbol/sce^d"
"SCE^E","Southern California Edison Company","25.245","n/a","n/a","n/a","n/a","http://www.nasdaq.com/symbol/sce^e"
"SGB","Southwest Georgia Financial Corporation","13.75","$35.03M","n/a","Finance","Major Banks","http://www.nasdaq.com/symbol/sgb"
"LOV","Spark Networks, Inc.","3.25","$83.5M","n/a","Miscellaneous","Business Services","http://www.nasdaq.com/symbol/lov"
"STRP","Straight Path Communications Inc.","22.3","$270.75M","2013","Public Utilities","Telecommunications Equipment","http://www.nasdaq.com/symbol/strp"
"SSY","SunLink Health Systems, Inc.","0.54","$5.1M","n/a","Health Care","Hospital/Nursing Management","http://www.nasdaq.com/symbol/ssy"
"SDPI","Superior Drilling Products, Inc.","1.62","$28.24M","2014","Energy","Metal Fabrications","http://www.nasdaq.com/symbol/sdpi"
"STS","Supreme Industries, Inc.","5.67","$94.79M","n/a","Capital Goods","Construction/Ag Equipment/Trucks","http://www.nasdaq.com/symbol/sts"
"SYRG","Synergy Resources Corporation","5.51","$605.95M","n/a","Energy","Oil & Gas Production","http://www.nasdaq.com/symbol/syrg"
"SYN","Synthetic Biologics, Inc","1.15","$104.43M","n/a","Health Care","Major Pharmaceuticals","http://www.nasdaq.com/symbol/syn"
"TRX","Tanzanian Royalty Exploration Corporation","0.2048","$22.14M","n/a","Basic Industries","Precious Metals","http://www.nasdaq.com/symbol/trx"
"TGB","Taseko Mines Limited","0.3571","$79.21M","n/a","Basic Industries","Precious Metals","http://www.nasdaq.com/symbol/tgb"
"TRC.WS","Tejon Ranch Co","n/a","n/a","n/a","n/a","n/a","http://www.nasdaq.com/symbol/trc.ws"
"TIK","Tel-Instrument Electronics Corp.","3.85","$12.54M","n/a","Capital Goods","Electrical Products","http://www.nasdaq.com/symbol/tik"
"TGC","Tengasco, Inc.","0.148","$9M","n/a","Energy","Oil & Gas Production","http://www.nasdaq.com/symbol/tgc"
"GLU","The Gabelli Global Utility and Income Trust","16.4","$67.43M","2004","n/a","n/a","http://www.nasdaq.com/symbol/glu"
"GLU^A","The Gabelli Global Utility and Income Trust","50.9","n/a","n/a","n/a","n/a","http://www.nasdaq.com/symbol/glu^a"
"TXMD","TherapeuticsMD, Inc.","6.39","$1.14B","n/a","Health Care","Major Pharmaceuticals","http://www.nasdaq.com/symbol/txmd"
"TPI","Tianyin Pharmaceutical Co., Inc.","0.1261","$3.71M","n/a","Health Care","Major Pharmaceuticals","http://www.nasdaq.com/symbol/tpi"
"TLR","Timberline Resources Corporation","0.16","$1.58M","n/a","Basic Industries","Precious Metals","http://www.nasdaq.com/symbol/tlr"
"TGD","Timmons Gold Corp","0.1622","$51.15M","2011","Basic Industries","Precious Metals","http://www.nasdaq.com/symbol/tgd"
"TOF","Tofutti Brands Inc.","2.7499","$14.17M","n/a","Consumer Non-Durables","Specialty Foods","http://www.nasdaq.com/symbol/tof"
"TMP","Tompkins Financial Corporation","52.17","$777.4M","n/a","Finance","Major Banks","http://www.nasdaq.com/symbol/tmp"
"TAT","Transatlantic Petroleum Ltd","0.72","$29.53M","n/a","Energy","Oil & Gas Production","http://www.nasdaq.com/symbol/tat"
"TRXC","TransEnterix, Inc.","3.39","$339.48M","n/a","Health Care","Medical/Dental Instruments","http://www.nasdaq.com/symbol/trxc"
"TPLM","Triangle Petroleum Corporation","0.4","$30.29M","n/a","Energy","Oil & Gas Production","http://www.nasdaq.com/symbol/tplm"
"TPHS","Trinity Place Holdings Inc.","5.84","$147.41M","n/a","Consumer Services","Clothing/Shoe/Accessory Stores","http://www.nasdaq.com/symbol/tphs"
"TRT","Trio-Tech International","2.5863","$9.09M","n/a","Technology","Industrial Machinery/Components","http://www.nasdaq.com/symbol/trt"
"HTM","U.S. Geothermal Inc.","0.61","$65.64M","n/a","Public Utilities","Electric Utilities: Central","http://www.nasdaq.com/symbol/htm"
"UFAB","Unique Fabricating, Inc.","9.15","$87.77M","2015","Capital Goods","Auto Parts:O.E.M.","http://www.nasdaq.com/symbol/ufab"
"UAMY","United States Antimony Corporation","0.18","$11.94M","n/a","Capital Goods","Metal Fabrications","http://www.nasdaq.com/symbol/uamy"
"UUU","Universal Security Instruments, Inc.","3.7201","$8.6M","n/a","Consumer Non-Durables","Electronic Components","http://www.nasdaq.com/symbol/uuu"
"UQM","UQM TECHNOLOGIES INC","0.62","$30.03M","n/a","Capital Goods","Industrial Machinery/Components","http://www.nasdaq.com/symbol/uqm"
"URG","Ur Energy Inc","0.535","$69.65M","n/a","Basic Industries","Precious Metals","http://www.nasdaq.com/symbol/urg"
"UEC","Uranium Energy Corp.","0.865","$85.84M","n/a","Basic Industries","Precious Metals","http://www.nasdaq.com/symbol/uec"
"VSR","Versar, Inc.","2.39","$23.48M","1986","Consumer Services","Military/Government/Technical","http://www.nasdaq.com/symbol/vsr"
"VII","Vicon Industries, Inc.","1.51","$14.1M","n/a","Consumer Durables","Telecommunications Equipment","http://www.nasdaq.com/symbol/vii"
"VHC","VirnetX Holding Corp","6.99","$370.79M","n/a","Miscellaneous","Multi-Sector Companies","http://www.nasdaq.com/symbol/vhc"
"VGZ","Vista Gold Corporation","0.319","$26.44M","n/a","Basic Industries","Precious Metals","http://www.nasdaq.com/symbol/vgz"
"VNRX","VolitionRX Limited","3.92","$72.41M","2015","Health Care","Biotechnology: In Vitro & In Vivo Diagnostic Substances","http://www.nasdaq.com/symbol/vnrx"
"VISI","Volt Information Sciences, Inc.","6.58","$137.06M","n/a","Technology","Professional Services","http://www.nasdaq.com/symbol/visi"
"EAD","Wells Fargo Income Opportunities Fund","7.06","$501.14M","2003","n/a","n/a","http://www.nasdaq.com/symbol/ead"
"ERC","Wells Fargo Multi-Sector Income Fund","11.15","$468.91M","2003","n/a","n/a","http://www.nasdaq.com/symbol/erc"
"ERH","Wells Fargo Utilities and High Income Fund","12.03","$111.07M","2004","n/a","n/a","http://www.nasdaq.com/symbol/erh"
"SBI","Western Asset Intermediate Muni Fund Inc","10.5","$147.81M","1992","n/a","n/a","http://www.nasdaq.com/symbol/sbi"
"WRN","Western Copper and Gold Corporation","0.25","$23.55M","2011","Basic Industries","Precious Metals","http://www.nasdaq.com/symbol/wrn"
"WYY","WidePoint Corporation","0.585","$48.27M","n/a","Technology","EDP Services","http://www.nasdaq.com/symbol/wyy"
"WTT","Wireless Telecom Group,  Inc.","1.51","$29.64M","n/a","Capital Goods","Electrical Products","http://www.nasdaq.com/symbol/wtt"
"XTNT","Xtant Medical Holdings, Inc.","2.38","$28.29M","n/a","Health Care","Biotechnology: Biological Products (No Diagnostic Substances)","http://www.nasdaq.com/symbol/xtnt"
"YUMA","Yuma Energy, Inc.","0.1995","$14.3M","n/a","Energy","Oil & Gas Production","http://www.nasdaq.com/symbol/yuma"
"YUMA^A","Yuma Energy, Inc.","1.29","n/a","n/a","n/a","n/a","http://www.nasdaq.com/symbol/yuma^a",
